,Family,Father,Mother,Gender,Height,Kids,MP,CH
0,1,78.5,67.0,M,73.2,4,75.43,73.2
1,1,78.5,67.0,F,69.2,4,75.43,74.736
2,1,78.5,67.0,F,69.0,4,75.43,74.52000000000001
3,1,78.5,67.0,F,69.0,4,75.43,74.52000000000001
4,2,75.5,66.5,M,73.5,4,73.66,73.5
5,2,75.5,66.5,M,72.5,4,73.66,72.5
6,2,75.5,66.5,F,65.5,4,73.66,70.74000000000001
7,2,75.5,66.5,F,65.5,4,73.66,70.74000000000001
8,3,75.0,64.0,M,71.0,2,72.06,71.0
9,3,75.0,64.0,F,68.0,2,72.06,73.44
10,4,75.0,64.0,M,70.5,5,72.06,70.5
11,4,75.0,64.0,M,68.5,5,72.06,68.5
12,4,75.0,64.0,F,67.0,5,72.06,72.36
13,4,75.0,64.0,F,64.5,5,72.06,69.66000000000001
14,4,75.0,64.0,F,63.0,5,72.06,68.04
15,5,75.0,58.5,M,72.0,6,69.09,72.0
16,5,75.0,58.5,M,69.0,6,69.09,69.0
17,5,75.0,58.5,M,68.0,6,69.09,68.0
18,5,75.0,58.5,F,66.5,6,69.09,71.82000000000001
19,5,75.0,58.5,F,62.5,6,69.09,67.5
20,5,75.0,58.5,F,62.5,6,69.09,67.5
21,6,74.0,68.0,F,69.5,1,73.72,75.06
22,7,74.0,68.0,M,76.5,6,73.72,76.5
23,7,74.0,68.0,M,74.0,6,73.72,74.0
24,7,74.0,68.0,M,73.0,6,73.72,73.0
25,7,74.0,68.0,M,73.0,6,73.72,73.0
26,7,74.0,68.0,F,70.5,6,73.72,76.14
27,7,74.0,68.0,F,64.0,6,73.72,69.12
28,8,74.0,66.5,F,70.5,3,72.91,76.14
29,8,74.0,66.5,F,68.0,3,72.91,73.44
30,8,74.0,66.5,F,66.0,3,72.91,71.28
31,9,74.5,66.0,F,66.0,1,72.89,71.28
32,10,74.0,65.5,F,65.5,1,72.37,70.74000000000001
33,11,74.0,62.0,M,74.0,8,70.48,74.0
34,11,74.0,62.0,M,70.0,8,70.48,70.0
35,11,74.0,62.0,F,68.0,8,70.48,73.44
36,11,74.0,62.0,F,67.0,8,70.48,72.36
37,11,74.0,62.0,F,67.0,8,70.48,72.36
38,11,74.0,62.0,F,66.0,8,70.48,71.28
39,11,74.0,62.0,F,63.5,8,70.48,68.58
40,11,74.0,62.0,F,63.0,8,70.48,68.04
41,12,74.0,61.0,F,65.0,1,69.94,70.2
42,14,73.0,67.0,M,68.0,2,72.68,68.0
43,14,73.0,67.0,M,67.0,2,72.68,67.0
44,15,73.0,66.5,M,71.0,3,72.41,71.0
45,15,73.0,66.5,M,70.5,3,72.41,70.5
46,15,73.0,66.5,F,66.7,3,72.41,72.036
47,16,73.0,65.0,M,72.0,9,71.6,72.0
48,16,73.0,65.0,M,70.5,9,71.6,70.5
49,16,73.0,65.0,M,70.2,9,71.6,70.2
50,16,73.0,65.0,M,70.2,9,71.6,70.2
51,16,73.0,65.0,M,69.2,9,71.6,69.2
52,16,73.0,65.0,F,68.7,9,71.6,74.19600000000001
53,16,73.0,65.0,F,66.5,9,71.6,71.82000000000001
54,16,73.0,65.0,F,64.5,9,71.6,69.66000000000001
55,16,73.0,65.0,F,63.5,9,71.6,68.58
56,17,73.0,64.5,M,74.0,6,71.33000000000001,74.0
57,17,73.0,64.5,M,73.0,6,71.33000000000001,73.0
58,17,73.0,64.5,M,71.5,6,71.33000000000001,71.5
59,17,73.0,64.5,M,62.5,6,71.33000000000001,62.5
60,17,73.0,64.5,F,66.5,6,71.33000000000001,71.82000000000001
61,17,73.0,64.5,F,62.3,6,71.33000000000001,67.284
62,18,73.0,64.0,F,66.0,3,71.06,71.28
63,18,73.0,64.0,F,64.5,3,71.06,69.66000000000001
64,18,73.0,64.0,F,64.0,3,71.06,69.12
65,19,73.2,63.0,F,62.7,1,70.62,67.71600000000001
66,20,72.7,69.0,M,73.2,8,73.61000000000001,73.2
67,20,72.7,69.0,M,73.0,8,73.61000000000001,73.0
68,20,72.7,69.0,M,72.7,8,73.61000000000001,72.7
69,20,72.7,69.0,F,70.0,8,73.61000000000001,75.60000000000001
70,20,72.7,69.0,F,69.0,8,73.61000000000001,74.52000000000001
71,20,72.7,69.0,F,68.5,8,73.61000000000001,73.98
72,20,72.7,69.0,F,68.0,8,73.61000000000001,73.44
73,20,72.7,69.0,F,66.0,8,73.61000000000001,71.28
74,21,72.0,68.0,M,73.0,3,72.72,73.0
75,21,72.0,68.0,F,68.5,3,72.72,73.98
76,21,72.0,68.0,F,68.0,3,72.72,73.44
77,22,72.0,67.0,M,73.0,3,72.18,73.0
78,22,72.0,67.0,M,71.0,3,72.18,71.0
79,22,72.0,67.0,F,67.0,3,72.18,72.36
80,23,72.0,65.0,M,74.2,7,71.1,74.2
81,23,72.0,65.0,M,70.5,7,71.1,70.5
82,23,72.0,65.0,M,69.5,7,71.1,69.5
83,23,72.0,65.0,F,66.0,7,71.1,71.28
84,23,72.0,65.0,F,65.5,7,71.1,70.74000000000001
85,23,72.0,65.0,F,65.0,7,71.1,70.2
86,23,72.0,65.0,F,65.0,7,71.1,70.2
87,24,72.0,65.5,F,65.5,1,71.37,70.74000000000001
88,25,72.0,64.0,F,66.0,2,70.56,71.28
89,25,72.0,64.0,F,63.0,2,70.56,68.04
90,26,72.0,63.0,M,70.5,5,70.02000000000001,70.5
91,26,72.0,63.0,M,70.5,5,70.02000000000001,70.5
92,26,72.0,63.0,M,69.0,5,70.02000000000001,69.0
93,26,72.0,63.0,F,65.0,5,70.02000000000001,70.2
94,26,72.0,63.0,F,63.0,5,70.02000000000001,68.04
95,27,72.0,63.0,M,69.0,3,70.02000000000001,69.0
96,27,72.0,63.0,M,67.0,3,70.02000000000001,67.0
97,27,72.0,63.0,F,63.0,3,70.02000000000001,68.04
98,28,72.0,63.0,M,73.0,6,70.02000000000001,73.0
99,28,72.0,63.0,M,67.0,6,70.02000000000001,67.0
100,28,72.0,63.0,F,70.5,6,70.02000000000001,76.14
101,28,72.0,63.0,F,70.0,6,70.02000000000001,75.60000000000001
102,28,72.0,63.0,F,66.5,6,70.02000000000001,71.82000000000001
103,28,72.0,63.0,F,63.0,6,70.02000000000001,68.04
104,29,72.5,63.5,F,67.5,3,70.53999999999999,72.9
105,29,72.5,63.5,F,67.2,3,70.53999999999999,72.57600000000001
106,29,72.5,63.5,F,66.7,3,70.53999999999999,72.036
107,30,72.0,62.0,F,64.0,1,69.48,69.12
108,31,72.5,62.0,M,71.0,6,69.73,71.0
109,31,72.5,62.0,M,70.0,6,69.73,70.0
110,31,72.5,62.0,M,70.0,6,69.73,70.0
111,31,72.5,62.0,F,66.0,6,69.73,71.28
112,31,72.5,62.0,F,65.0,6,69.73,70.2
113,31,72.5,62.0,F,65.0,6,69.73,70.2
114,32,72.0,62.0,M,74.0,5,69.48,74.0
115,32,72.0,62.0,M,72.0,5,69.48,72.0
116,32,72.0,62.0,M,69.0,5,69.48,69.0
117,32,72.0,62.0,F,67.5,5,69.48,72.9
118,32,72.0,62.0,F,63.5,5,69.48,68.58
119,33,72.0,62.0,M,72.0,5,69.48,72.0
120,33,72.0,62.0,M,71.5,5,69.48,71.5
121,33,72.0,62.0,M,71.5,5,69.48,71.5
122,33,72.0,62.0,M,70.0,5,69.48,70.0
123,33,72.0,62.0,F,68.0,5,69.48,73.44
124,34,72.0,61.0,F,65.7,1,68.94,70.956
125,35,71.0,69.0,M,78.0,5,72.76,78.0
126,35,71.0,69.0,M,74.0,5,72.76,74.0
127,35,71.0,69.0,M,73.0,5,72.76,73.0
128,35,71.0,69.0,M,72.0,5,72.76,72.0
129,35,71.0,69.0,F,67.0,5,72.76,72.36
130,36,71.0,67.0,M,73.2,4,71.68,73.2
131,36,71.0,67.0,M,73.0,4,71.68,73.0
132,36,71.0,67.0,M,69.0,4,71.68,69.0
133,36,71.0,67.0,F,67.0,4,71.68,72.36
134,37,71.0,66.0,M,70.0,4,71.14,70.0
135,37,71.0,66.0,F,67.0,4,71.14,72.36
136,37,71.0,66.0,F,67.0,4,71.14,72.36
137,37,71.0,66.0,F,66.5,4,71.14,71.82000000000001
138,38,71.0,66.0,M,70.0,6,71.14,70.0
139,38,71.0,66.0,M,69.0,6,71.14,69.0
140,38,71.0,66.0,M,68.5,6,71.14,68.5
141,38,71.0,66.0,F,66.0,6,71.14,71.28
142,38,71.0,66.0,F,64.5,6,71.14,69.66000000000001
143,38,71.0,66.0,F,63.0,6,71.14,68.04
144,39,71.0,66.0,M,71.0,2,71.14,71.0
145,39,71.0,66.0,F,67.0,2,71.14,72.36
146,40,71.0,66.0,M,76.0,5,71.14,76.0
147,40,71.0,66.0,M,72.0,5,71.14,72.0
148,40,71.0,66.0,M,71.0,5,71.14,71.0
149,40,71.0,66.0,M,66.0,5,71.14,66.0
150,40,71.0,66.0,F,66.0,5,71.14,71.28
151,41,71.7,65.5,M,70.5,1,71.22,70.5
152,42,71.0,65.5,M,72.0,6,70.87,72.0
153,42,71.0,65.5,M,72.0,6,70.87,72.0
154,42,71.0,65.5,M,71.0,6,70.87,71.0
155,42,71.0,65.5,M,69.0,6,70.87,69.0
156,42,71.0,65.5,F,66.0,6,70.87,71.28
157,42,71.0,65.5,F,65.0,6,70.87,70.2
158,43,71.5,65.5,M,73.0,2,71.12,73.0
159,43,71.5,65.5,F,65.2,2,71.12,70.41600000000001
160,44,71.5,65.0,M,68.5,2,70.85,68.5
161,44,71.5,65.0,M,67.7,2,70.85,67.7
162,45,71.0,65.0,M,68.0,3,70.6,68.0
163,45,71.0,65.0,M,68.0,3,70.6,68.0
164,45,71.0,65.0,F,62.0,3,70.6,66.96000000000001
165,46,71.0,64.0,F,68.0,8,70.06,73.44
166,46,71.0,64.0,F,68.0,8,70.06,73.44
167,46,71.0,64.0,F,67.5,8,70.06,72.9
168,46,71.0,64.0,F,66.5,8,70.06,71.82000000000001
169,46,71.0,64.0,F,66.5,8,70.06,71.82000000000001
170,46,71.0,64.0,F,66.0,8,70.06,71.28
171,46,71.0,64.0,F,65.5,8,70.06,70.74000000000001
172,46,71.0,64.0,F,65.0,8,70.06,70.2
173,47,71.7,64.5,M,72.0,4,70.68,72.0
174,47,71.7,64.5,M,71.0,4,70.68,71.0
175,47,71.7,64.5,M,70.5,4,70.68,70.5
176,47,71.7,64.5,F,67.0,4,70.68,72.36
177,48,71.0,64.0,M,68.0,3,70.06,68.0
178,48,71.0,64.0,M,68.0,3,70.06,68.0
179,48,71.0,64.0,M,68.0,3,70.06,68.0
180,49,71.5,64.5,M,72.0,7,70.58000000000001,72.0
181,49,71.5,64.5,M,71.0,7,70.58000000000001,71.0
182,49,71.5,64.5,M,70.0,7,70.58000000000001,70.0
183,49,71.5,64.5,F,66.0,7,70.58000000000001,71.28
184,49,71.5,64.5,F,64.5,7,70.58000000000001,69.66000000000001
185,49,71.5,64.5,F,64.5,7,70.58000000000001,69.66000000000001
186,49,71.5,64.5,F,62.0,7,70.58000000000001,66.96000000000001
187,51,71.2,63.0,F,67.5,2,69.62,72.9
188,51,71.2,63.0,F,64.5,2,69.62,69.66000000000001
189,52,71.0,63.5,M,71.0,5,69.78999999999999,71.0
190,52,71.0,63.5,M,67.0,5,69.78999999999999,67.0
191,52,71.0,63.5,F,66.0,5,69.78999999999999,71.28
192,52,71.0,63.5,F,65.0,5,69.78999999999999,70.2
193,52,71.0,63.5,F,63.5,5,69.78999999999999,68.58
194,53,71.0,63.0,M,71.0,9,69.52000000000001,71.0
195,53,71.0,63.0,M,70.0,9,69.52000000000001,70.0
196,53,71.0,63.0,M,70.0,9,69.52000000000001,70.0
197,53,71.0,63.0,M,64.0,9,69.52000000000001,64.0
198,53,71.0,63.0,F,65.0,9,69.52000000000001,70.2
199,53,71.0,63.0,F,65.0,9,69.52000000000001,70.2
200,53,71.0,63.0,F,64.0,9,69.52000000000001,69.12
201,53,71.0,63.0,F,63.0,9,69.52000000000001,68.04
202,53,71.0,63.0,F,63.0,9,69.52000000000001,68.04
203,54,71.0,63.0,M,71.0,4,69.52000000000001,71.0
204,54,71.0,63.0,M,71.0,4,69.52000000000001,71.0
205,54,71.0,63.0,M,70.0,4,69.52000000000001,70.0
206,54,71.0,63.0,F,63.5,4,69.52000000000001,68.58
207,55,71.0,62.0,M,71.0,5,68.98,71.0
208,55,71.0,62.0,M,70.0,5,68.98,70.0
209,55,71.0,62.0,F,64.5,5,68.98,69.66000000000001
210,55,71.0,62.0,F,62.5,5,68.98,67.5
211,55,71.0,62.0,F,61.5,5,68.98,66.42
212,56,71.0,62.0,M,72.0,5,68.98,72.0
213,56,71.0,62.0,M,70.5,5,68.98,70.5
214,56,71.0,62.0,M,70.5,5,68.98,70.5
215,56,71.0,62.0,F,64.5,5,68.98,69.66000000000001
216,56,71.0,62.0,F,60.0,5,68.98,64.80000000000001
217,57,71.0,62.5,M,70.0,5,69.25,70.0
218,57,71.0,62.5,F,64.0,5,69.25,69.12
219,57,71.0,62.5,F,64.0,5,69.25,69.12
220,57,71.0,62.5,F,64.0,5,69.25,69.12
221,57,71.0,62.5,F,62.5,5,69.25,67.5
222,58,71.0,62.0,M,70.5,7,68.98,70.5
223,58,71.0,62.0,M,70.0,7,68.98,70.0
224,58,71.0,62.0,M,69.0,7,68.98,69.0
225,58,71.0,62.0,M,69.0,7,68.98,69.0
226,58,71.0,62.0,M,66.0,7,68.98,66.0
227,58,71.0,62.0,F,64.5,7,68.98,69.66000000000001
228,58,71.0,62.0,F,64.0,7,68.98,69.12
229,59,71.0,61.0,F,62.0,1,68.44,66.96000000000001
230,60,71.0,58.0,M,71.5,2,66.82,71.5
231,60,71.0,58.0,M,69.0,2,66.82,69.0
232,61,70.0,69.0,M,71.0,4,72.26,71.0
233,61,70.0,69.0,M,70.0,4,72.26,70.0
234,61,70.0,69.0,M,69.0,4,72.26,69.0
235,61,70.0,69.0,F,69.0,4,72.26,74.52000000000001
236,62,70.0,69.0,M,70.0,6,72.26,70.0
237,62,70.0,69.0,M,68.7,6,72.26,68.7
238,62,70.0,69.0,F,68.0,6,72.26,73.44
239,62,70.0,69.0,F,66.0,6,72.26,71.28
240,62,70.0,69.0,F,64.0,6,72.26,69.12
241,62,70.0,69.0,F,62.0,6,72.26,66.96000000000001
242,63,70.0,68.0,M,75.0,1,71.72,75.0
243,64,70.0,67.0,M,70.0,5,71.18,70.0
244,64,70.0,67.0,M,69.0,5,71.18,69.0
245,64,70.0,67.0,F,66.0,5,71.18,71.28
246,64,70.0,67.0,F,64.0,5,71.18,69.12
247,64,70.0,67.0,F,60.0,5,71.18,64.80000000000001
248,65,70.0,67.0,F,67.5,1,71.18,72.9
249,66,70.0,66.5,M,73.0,11,70.91,73.0
250,66,70.0,66.5,M,72.0,11,70.91,72.0
251,66,70.0,66.5,M,72.0,11,70.91,72.0
252,66,70.0,66.5,M,66.5,11,70.91,66.5
253,66,70.0,66.5,F,69.2,11,70.91,74.736
254,66,70.0,66.5,F,67.2,11,70.91,72.57600000000001
255,66,70.0,66.5,F,66.5,11,70.91,71.82000000000001
256,66,70.0,66.5,F,66.0,11,70.91,71.28
257,66,70.0,66.5,F,66.0,11,70.91,71.28
258,66,70.0,66.5,F,64.2,11,70.91,69.33600000000001
259,66,70.0,66.5,F,63.7,11,70.91,68.796
260,67,70.5,65.0,M,72.0,4,70.35,72.0
261,67,70.5,65.0,M,70.2,4,70.35,70.2
262,67,70.5,65.0,M,69.0,4,70.35,69.0
263,67,70.5,65.0,M,68.5,4,70.35,68.5
264,68,70.5,65.0,F,68.0,5,70.35,73.44
265,68,70.5,65.0,F,65.0,5,70.35,70.2
266,68,70.5,65.0,F,61.5,5,70.35,66.42
267,68,70.5,65.0,F,61.0,5,70.35,65.88000000000001
268,68,70.5,65.0,F,61.0,5,70.35,65.88000000000001
269,69,70.0,65.0,M,73.0,8,70.1,73.0
270,69,70.0,65.0,M,72.0,8,70.1,72.0
271,69,70.0,65.0,M,70.5,8,70.1,70.5
272,69,70.0,65.0,M,65.0,8,70.1,65.0
273,69,70.0,65.0,M,65.0,8,70.1,65.0
274,69,70.0,65.0,F,64.5,8,70.1,69.66000000000001
275,69,70.0,65.0,F,63.0,8,70.1,68.04
276,69,70.0,65.0,F,62.0,8,70.1,66.96000000000001
277,70,70.0,65.0,M,67.0,5,70.1,67.0
278,70,70.0,65.0,M,65.0,5,70.1,65.0
279,70,70.0,65.0,F,64.5,5,70.1,69.66000000000001
280,70,70.0,65.0,F,62.5,5,70.1,67.5
281,70,70.0,65.0,F,62.5,5,70.1,67.5
282,71,70.0,65.0,M,70.0,6,70.1,70.0
283,71,70.0,65.0,M,70.0,6,70.1,70.0
284,71,70.0,65.0,F,67.0,6,70.1,72.36
285,71,70.0,65.0,F,65.0,6,70.1,70.2
286,71,70.0,65.0,F,65.0,6,70.1,70.2
287,71,70.0,65.0,F,63.0,6,70.1,68.04
288,72,70.0,65.0,M,79.0,7,70.1,79.0
289,72,70.0,65.0,M,75.0,7,70.1,75.0
290,72,70.0,65.0,M,71.0,7,70.1,71.0
291,72,70.0,65.0,F,69.0,7,70.1,74.52000000000001
292,72,70.0,65.0,F,67.0,7,70.1,72.36
293,72,70.0,65.0,F,65.7,7,70.1,70.956
294,72,70.0,65.0,F,62.0,7,70.1,66.96000000000001
295,73,70.0,65.0,M,73.0,3,70.1,73.0
296,73,70.0,65.0,M,72.5,3,70.1,72.5
297,73,70.0,65.0,F,65.0,3,70.1,70.2
298,74,70.0,65.0,M,69.0,2,70.1,69.0
299,74,70.0,65.0,M,69.0,2,70.1,69.0
300,75,70.0,64.7,M,72.0,7,69.938,72.0
301,75,70.0,64.7,M,70.0,7,69.938,70.0
302,75,70.0,64.7,M,68.7,7,69.938,68.7
303,75,70.0,64.7,F,66.5,7,69.938,71.82000000000001
304,75,70.0,64.7,F,65.5,7,69.938,70.74000000000001
305,75,70.0,64.7,F,64.7,7,69.938,69.876
306,75,70.0,64.7,F,64.5,7,69.938,69.66000000000001
307,76,70.0,64.0,M,70.7,7,69.56,70.7
308,76,70.0,64.0,M,70.0,7,69.56,70.0
309,76,70.0,64.0,M,68.0,7,69.56,68.0
310,76,70.0,64.0,M,67.0,7,69.56,67.0
311,76,70.0,64.0,M,66.0,7,69.56,66.0
312,76,70.0,64.0,M,65.0,7,69.56,65.0
313,76,70.0,64.0,F,67.0,7,69.56,72.36
314,77,70.0,64.0,M,70.0,4,69.56,70.0
315,77,70.0,64.0,M,68.0,4,69.56,68.0
316,77,70.0,64.0,M,66.7,4,69.56,66.7
317,77,70.0,64.0,F,65.5,4,69.56,70.74000000000001
318,78,70.0,64.2,M,72.0,5,69.668,72.0
319,78,70.0,64.2,M,70.0,5,69.668,70.0
320,78,70.0,64.2,F,62.5,5,69.668,67.5
321,78,70.0,64.2,F,61.2,5,69.668,66.096
322,78,70.0,64.2,F,60.1,5,69.668,64.908
323,79,70.5,64.0,M,74.0,8,69.81,74.0
324,79,70.5,64.0,M,69.5,8,69.81,69.5
325,79,70.5,64.0,M,69.0,8,69.81,69.0
326,79,70.5,64.0,M,68.0,8,69.81,68.0
327,79,70.5,64.0,M,68.0,8,69.81,68.0
328,79,70.5,64.0,M,68.0,8,69.81,68.0
329,79,70.5,64.0,F,65.5,8,69.81,70.74000000000001
330,79,70.5,64.0,F,65.0,8,69.81,70.2
331,80,70.5,64.5,F,60.0,1,70.08000000000001,64.80000000000001
332,81,70.0,64.0,M,68.0,4,69.56,68.0
333,81,70.0,64.0,F,65.0,4,69.56,70.2
334,81,70.0,64.0,F,64.0,4,69.56,69.12
335,81,70.0,64.0,F,62.0,4,69.56,66.96000000000001
336,82,70.0,64.0,M,71.0,9,69.56,71.0
337,82,70.0,64.0,M,70.0,9,69.56,70.0
338,82,70.0,64.0,M,70.0,9,69.56,70.0
339,82,70.0,64.0,M,70.0,9,69.56,70.0
340,82,70.0,64.0,M,69.5,9,69.56,69.5
341,82,70.0,64.0,M,68.5,9,69.56,68.5
342,82,70.0,64.0,F,69.0,9,69.56,74.52000000000001
343,82,70.0,64.0,F,65.0,9,69.56,70.2
344,82,70.0,64.0,F,64.0,9,69.56,69.12
345,83,70.0,63.7,M,70.0,8,69.398,70.0
346,83,70.0,63.7,M,67.0,8,69.398,67.0
347,83,70.0,63.7,M,65.5,8,69.398,65.5
348,83,70.0,63.7,F,63.7,8,69.398,68.796
349,83,70.0,63.7,F,63.2,8,69.398,68.25600000000001
350,83,70.0,63.7,F,62.5,8,69.398,67.5
351,83,70.0,63.7,F,62.2,8,69.398,67.176
352,83,70.0,63.7,F,61.0,8,69.398,65.88000000000001
353,85,70.5,63.0,M,72.5,5,69.27000000000001,72.5
354,85,70.5,63.0,M,69.0,5,69.27000000000001,69.0
355,85,70.5,63.0,M,67.0,5,69.27000000000001,67.0
356,85,70.5,63.0,F,64.5,5,69.27000000000001,69.66000000000001
357,85,70.5,63.0,F,64.0,5,69.27000000000001,69.12
358,86,70.0,63.5,M,71.0,4,69.28999999999999,71.0
359,86,70.0,63.5,M,67.5,4,69.28999999999999,67.5
360,86,70.0,63.5,F,67.5,4,69.28999999999999,72.9
361,86,70.0,63.5,F,63.5,4,69.28999999999999,68.58
362,87,70.0,63.0,M,68.0,4,69.02000000000001,68.0
363,87,70.0,63.0,M,67.0,4,69.02000000000001,67.0
364,87,70.0,63.0,F,63.7,4,69.02000000000001,68.796
365,87,70.0,63.0,F,62.0,4,69.02000000000001,66.96000000000001
366,88,70.0,63.0,M,70.0,4,69.02000000000001,70.0
367,88,70.0,63.0,M,66.5,4,69.02000000000001,66.5
368,88,70.0,63.0,F,62.0,4,69.02000000000001,66.96000000000001
369,88,70.0,63.0,F,61.0,4,69.02000000000001,65.88000000000001
370,89,70.5,62.0,M,72.0,8,68.73,72.0
371,89,70.5,62.0,M,70.0,8,68.73,70.0
372,89,70.5,62.0,M,69.5,8,68.73,69.5
373,89,70.5,62.0,M,69.5,8,68.73,69.5
374,89,70.5,62.0,M,68.0,8,68.73,68.0
375,89,70.5,62.0,F,65.0,8,68.73,70.2
376,89,70.5,62.0,F,64.0,8,68.73,69.12
377,89,70.5,62.0,F,63.0,8,68.73,68.04
378,90,70.3,62.7,M,70.7,7,69.00800000000001,70.7
379,90,70.3,62.7,M,69.7,7,69.00800000000001,69.7
380,90,70.3,62.7,M,69.2,7,69.00800000000001,69.2
381,90,70.3,62.7,M,65.2,7,69.00800000000001,65.2
382,90,70.3,62.7,F,64.0,7,69.00800000000001,69.12
383,90,70.3,62.7,F,63.5,7,69.00800000000001,68.58
384,90,70.3,62.7,F,63.2,7,69.00800000000001,68.25600000000001
385,91,70.5,62.0,M,72.0,3,68.73,72.0
386,91,70.5,62.0,M,72.0,3,68.73,72.0
387,91,70.5,62.0,F,60.0,3,68.73,64.80000000000001
388,92,70.0,61.0,M,71.2,2,67.94,71.2
389,92,70.0,61.0,M,67.0,2,67.94,67.0
390,93,70.0,60.0,M,67.0,4,67.4,67.0
391,93,70.0,60.0,M,64.5,4,67.4,64.5
392,93,70.0,60.0,F,65.0,4,67.4,70.2
393,93,70.0,60.0,F,63.0,4,67.4,68.04
394,94,70.0,60.0,F,65.0,2,67.4,70.2
395,94,70.0,60.0,F,65.0,2,67.4,70.2
396,95,70.0,58.5,M,71.5,3,66.59,71.5
397,95,70.0,58.5,M,64.5,3,66.59,64.5
398,95,70.0,58.5,F,63.0,3,66.59,68.04
399,96,70.0,58.0,M,72.0,5,66.32,72.0
400,96,70.0,58.0,M,66.0,5,66.32,66.0
401,96,70.0,58.0,F,66.0,5,66.32,71.28
402,96,70.0,58.0,F,65.0,5,66.32,70.2
403,96,70.0,58.0,F,63.0,5,66.32,68.04
404,97,69.0,68.5,M,75.0,10,71.49000000000001,75.0
405,97,69.0,68.5,M,71.0,10,71.49000000000001,71.0
406,97,69.0,68.5,M,70.0,10,71.49000000000001,70.0
407,97,69.0,68.5,F,66.0,10,71.49000000000001,71.28
408,97,69.0,68.5,F,66.0,10,71.49000000000001,71.28
409,97,69.0,68.5,F,65.5,10,71.49000000000001,70.74000000000001
410,97,69.0,68.5,F,65.0,10,71.49000000000001,70.2
411,97,69.0,68.5,F,65.0,10,71.49000000000001,70.2
412,97,69.0,68.5,F,64.0,10,71.49000000000001,69.12
413,97,69.0,68.5,F,64.0,10,71.49000000000001,69.12
414,98,69.0,67.0,F,64.0,1,70.68,69.12
415,99,69.0,66.0,M,73.0,8,70.14,73.0
416,99,69.0,66.0,M,72.0,8,70.14,72.0
417,99,69.0,66.0,M,71.7,8,70.14,71.7
418,99,69.0,66.0,M,71.5,8,70.14,71.5
419,99,69.0,66.0,F,65.5,8,70.14,70.74000000000001
420,99,69.0,66.0,F,65.0,8,70.14,70.2
421,99,69.0,66.0,F,62.7,8,70.14,67.71600000000001
422,99,69.0,66.0,F,62.5,8,70.14,67.5
423,100,69.0,66.0,M,71.2,3,70.14,71.2
424,100,69.0,66.0,M,71.0,3,70.14,71.0
425,100,69.0,66.0,M,70.0,3,70.14,70.0
426,101,69.0,66.7,M,75.0,6,70.518,75.0
427,101,69.0,66.7,M,74.0,6,70.518,74.0
428,101,69.0,66.7,M,72.0,6,70.518,72.0
429,101,69.0,66.7,M,68.5,6,70.518,68.5
430,101,69.0,66.7,M,67.0,6,70.518,67.0
431,101,69.0,66.7,M,66.0,6,70.518,66.0
432,102,69.0,66.0,M,70.0,6,70.14,70.0
433,102,69.0,66.0,M,68.5,6,70.14,68.5
434,102,69.0,66.0,M,68.0,6,70.14,68.0
435,102,69.0,66.0,F,65.0,6,70.14,70.2
436,102,69.0,66.0,F,63.0,6,70.14,68.04
437,102,69.0,66.0,F,62.5,6,70.14,67.5
438,103,69.0,66.5,M,73.0,5,70.41,73.0
439,103,69.0,66.5,M,71.0,5,70.41,71.0
440,103,69.0,66.5,M,70.5,5,70.41,70.5
441,103,69.0,66.5,M,70.5,5,70.41,70.5
442,103,69.0,66.5,F,61.0,5,70.41,65.88000000000001
443,104,69.5,66.5,M,70.5,4,70.66,70.5
444,104,69.5,66.5,M,67.5,4,70.66,67.5
445,104,69.5,66.5,F,64.5,4,70.66,69.66000000000001
446,104,69.5,66.5,F,64.0,4,70.66,69.12
447,105,69.0,66.5,M,71.0,6,70.41,71.0
448,105,69.0,66.5,F,68.5,6,70.41,73.98
449,105,69.0,66.5,F,67.5,6,70.41,72.9
450,105,69.0,66.5,F,66.0,6,70.41,71.28
451,105,69.0,66.5,F,63.0,6,70.41,68.04
452,105,69.0,66.5,F,63.0,6,70.41,68.04
453,106,69.5,66.0,M,71.0,7,70.39,71.0
454,106,69.5,66.0,M,71.0,7,70.39,71.0
455,106,69.5,66.0,M,70.5,7,70.39,70.5
456,106,69.5,66.0,M,70.5,7,70.39,70.5
457,106,69.5,66.0,F,66.5,7,70.39,71.82000000000001
458,106,69.5,66.0,F,65.5,7,70.39,70.74000000000001
459,106,69.5,66.0,F,64.5,7,70.39,69.66000000000001
460,107,69.0,66.0,M,73.0,9,70.14,73.0
461,107,69.0,66.0,M,72.0,9,70.14,72.0
462,107,69.0,66.0,M,69.0,9,70.14,69.0
463,107,69.0,66.0,M,69.0,9,70.14,69.0
464,107,69.0,66.0,F,66.5,9,70.14,71.82000000000001
465,107,69.0,66.0,F,65.5,9,70.14,70.74000000000001
466,107,69.0,66.0,F,65.5,9,70.14,70.74000000000001
467,107,69.0,66.0,F,65.0,9,70.14,70.2
468,107,69.0,66.0,F,64.0,9,70.14,69.12
469,108,69.0,65.0,M,70.0,7,69.6,70.0
470,108,69.0,65.0,M,68.5,7,69.6,68.5
471,108,69.0,65.0,M,67.0,7,69.6,67.0
472,108,69.0,65.0,F,65.0,7,69.6,70.2
473,108,69.0,65.0,F,64.0,7,69.6,69.12
474,108,69.0,65.0,F,63.5,7,69.6,68.58
475,108,69.0,65.0,F,61.0,7,69.6,65.88000000000001
476,109,69.5,64.5,M,69.7,7,69.58000000000001,69.7
477,109,69.5,64.5,M,68.0,7,69.58000000000001,68.0
478,109,69.5,64.5,M,60.0,7,69.58000000000001,60.0
479,109,69.5,64.5,F,65.2,7,69.58000000000001,70.41600000000001
480,109,69.5,64.5,F,64.5,7,69.58000000000001,69.66000000000001
481,109,69.5,64.5,F,63.7,7,69.58000000000001,68.796
482,109,69.5,64.5,F,60.0,7,69.58000000000001,64.80000000000001
483,110,69.2,64.0,M,71.7,4,69.16,71.7
484,110,69.2,64.0,M,66.5,4,69.16,66.5
485,110,69.2,64.0,F,65.0,4,69.16,70.2
486,110,69.2,64.0,F,63.5,4,69.16,68.58
487,112,69.0,63.0,M,69.0,3,68.52000000000001,69.0
488,112,69.0,63.0,F,67.5,3,68.52000000000001,72.9
489,112,69.0,63.0,F,63.5,3,68.52000000000001,68.58
490,113,69.0,63.0,M,72.0,1,68.52000000000001,72.0
491,114,69.0,63.0,M,73.0,6,68.52000000000001,73.0
492,114,69.0,63.0,M,70.0,6,68.52000000000001,70.0
493,114,69.0,63.0,M,70.0,6,68.52000000000001,70.0
494,114,69.0,63.0,M,64.0,6,68.52000000000001,64.0
495,114,69.0,63.0,F,66.0,6,68.52000000000001,71.28
496,114,69.0,63.0,F,62.0,6,68.52000000000001,66.96000000000001
497,115,69.0,63.5,M,70.5,7,68.78999999999999,70.5
498,115,69.0,63.5,M,67.0,7,68.78999999999999,67.0
499,115,69.0,63.5,M,66.0,7,68.78999999999999,66.0
500,115,69.0,63.5,F,65.0,7,68.78999999999999,70.2
501,115,69.0,63.5,F,63.0,7,68.78999999999999,68.04
502,115,69.0,63.5,F,62.0,7,68.78999999999999,66.96000000000001
503,115,69.0,63.5,F,61.0,7,68.78999999999999,65.88000000000001
504,116,69.0,63.5,M,70.5,3,68.78999999999999,70.5
505,116,69.0,63.5,F,63.7,3,68.78999999999999,68.796
506,116,69.0,63.5,F,63.0,3,68.78999999999999,68.04
507,117,69.7,62.0,F,62.5,1,68.33000000000001,67.5
508,118,69.5,62.0,M,73.0,3,68.23,73.0
509,118,69.5,62.0,M,72.0,3,68.23,72.0
510,118,69.5,62.0,M,69.0,3,68.23,69.0
511,119,69.0,62.0,M,73.0,5,67.98,73.0
512,119,69.0,62.0,M,71.0,5,67.98,71.0
513,119,69.0,62.0,M,71.0,5,67.98,71.0
514,119,69.0,62.0,M,69.0,5,67.98,69.0
515,119,69.0,62.0,F,63.0,5,67.98,68.04
516,121,69.0,62.5,M,71.0,8,68.25,71.0
517,121,69.0,62.5,M,70.0,8,68.25,70.0
518,121,69.0,62.5,M,70.0,8,68.25,70.0
519,121,69.0,62.5,M,69.0,8,68.25,69.0
520,121,69.0,62.5,F,63.5,8,68.25,68.58
521,121,69.0,62.5,F,62.5,8,68.25,67.5
522,121,69.0,62.5,F,62.5,8,68.25,67.5
523,121,69.0,62.5,F,62.0,8,68.25,66.96000000000001
524,122,69.0,62.0,M,72.0,4,67.98,72.0
525,122,69.0,62.0,M,68.0,4,67.98,68.0
526,122,69.0,62.0,F,66.0,4,67.98,71.28
527,122,69.0,62.0,F,66.0,4,67.98,71.28
528,123,69.5,61.0,M,70.0,5,67.69,70.0
529,123,69.5,61.0,M,69.5,5,67.69,69.5
530,123,69.5,61.0,M,69.0,5,67.69,69.0
531,123,69.5,61.0,F,63.0,5,67.69,68.04
532,123,69.5,61.0,F,62.0,5,67.69,66.96000000000001
533,124,69.0,61.0,M,68.0,9,67.44,68.0
534,124,69.0,61.0,M,68.0,9,67.44,68.0
535,124,69.0,61.0,M,67.5,9,67.44,67.5
536,124,69.0,61.0,M,64.0,9,67.44,64.0
537,124,69.0,61.0,M,63.0,9,67.44,63.0
538,124,69.0,61.0,M,63.0,9,67.44,63.0
539,124,69.0,61.0,F,63.5,9,67.44,68.58
540,124,69.0,61.0,F,62.0,9,67.44,66.96000000000001
541,124,69.0,61.0,F,62.0,9,67.44,66.96000000000001
542,125,69.0,60.0,M,70.5,3,66.9,70.5
543,125,69.0,60.0,F,68.0,3,66.9,73.44
544,125,69.0,60.0,F,62.5,3,66.9,67.5
545,126,69.0,60.0,M,69.0,4,66.9,69.0
546,126,69.0,60.0,M,66.0,4,66.9,66.0
547,126,69.0,60.0,F,61.7,4,66.9,66.63600000000001
548,126,69.0,60.0,F,60.5,4,66.9,65.34
549,127,69.0,60.5,M,69.5,1,67.17,69.5
550,128,68.7,70.5,M,71.0,2,72.42,71.0
551,128,68.7,70.5,F,61.7,2,72.42,66.63600000000001
552,129,68.5,67.0,M,73.0,3,70.43,73.0
553,129,68.5,67.0,M,71.0,3,70.43,71.0
554,129,68.5,67.0,F,67.0,3,70.43,72.36
555,130,68.5,66.5,M,70.0,11,70.16,70.0
556,130,68.5,66.5,M,69.0,11,70.16,69.0
557,130,68.5,66.5,M,69.0,11,70.16,69.0
558,130,68.5,66.5,M,68.7,11,70.16,68.7
559,130,68.5,66.5,M,68.5,11,70.16,68.5
560,130,68.5,66.5,M,68.5,11,70.16,68.5
561,130,68.5,66.5,M,68.0,11,70.16,68.0
562,130,68.5,66.5,M,68.0,11,70.16,68.0
563,130,68.5,66.5,M,68.0,11,70.16,68.0
564,130,68.5,66.5,F,63.2,11,70.16,68.25600000000001
565,131,68.0,65.0,M,67.5,2,69.1,67.5
566,131,68.0,65.0,M,66.0,2,69.1,66.0
567,132,68.0,65.5,M,66.0,2,69.37,66.0
568,132,68.0,65.5,F,64.0,2,69.37,69.12
569,133,68.0,65.5,M,71.7,7,69.37,71.7
570,133,68.0,65.5,M,71.5,7,69.37,71.5
571,133,68.0,65.5,M,70.7,7,69.37,70.7
572,133,68.0,65.5,M,65.5,7,69.37,65.5
573,133,68.0,65.5,F,66.5,7,69.37,71.82000000000001
574,133,68.0,65.5,F,65.2,7,69.37,70.41600000000001
575,133,68.0,65.5,F,61.5,7,69.37,66.42
576,134,68.0,65.0,M,72.0,4,69.1,72.0
577,134,68.0,65.0,M,72.0,4,69.1,72.0
578,134,68.0,65.0,F,68.0,4,69.1,73.44
579,134,68.0,65.0,F,66.0,4,69.1,71.28
580,135,68.5,65.0,M,69.2,8,69.35,69.2
581,135,68.5,65.0,M,68.0,8,69.35,68.0
582,135,68.5,65.0,M,66.0,8,69.35,66.0
583,135,68.5,65.0,M,66.0,8,69.35,66.0
584,135,68.5,65.0,F,62.0,8,69.35,66.96000000000001
585,135,68.5,65.0,F,61.5,8,69.35,66.42
586,135,68.5,65.0,F,61.0,8,69.35,65.88000000000001
587,135,68.5,65.0,F,60.0,8,69.35,64.80000000000001
588,136,68.0,64.0,M,71.0,10,68.56,71.0
589,136,68.0,64.0,M,68.0,10,68.56,68.0
590,136,68.0,64.0,M,68.0,10,68.56,68.0
591,136,68.0,64.0,M,67.0,10,68.56,67.0
592,136,68.0,64.0,F,65.0,10,68.56,70.2
593,136,68.0,64.0,F,64.0,10,68.56,69.12
594,136,68.0,64.0,F,63.0,10,68.56,68.04
595,136,68.0,64.0,F,63.0,10,68.56,68.04
596,136,68.0,64.0,F,62.0,10,68.56,66.96000000000001
597,136,68.0,64.0,F,61.0,10,68.56,65.88000000000001
598,137,68.0,64.0,M,66.0,4,68.56,66.0
599,137,68.0,64.0,M,63.0,4,68.56,63.0
600,137,68.0,64.0,F,65.5,4,68.56,70.74000000000001
601,137,68.0,64.0,F,62.0,4,68.56,66.96000000000001
602,138,68.0,64.0,M,71.2,5,68.56,71.2
603,138,68.0,64.0,M,71.2,5,68.56,71.2
604,138,68.0,64.0,M,69.0,5,68.56,69.0
605,138,68.0,64.0,M,68.5,5,68.56,68.5
606,138,68.0,64.0,F,62.5,5,68.56,67.5
607,139,68.0,64.5,F,62.0,1,68.83000000000001,66.96000000000001
608,140,68.0,64.0,M,69.0,10,68.56,69.0
609,140,68.0,64.0,M,67.0,10,68.56,67.0
610,140,68.0,64.0,M,66.0,10,68.56,66.0
611,140,68.0,64.0,F,66.0,10,68.56,71.28
612,140,68.0,64.0,F,66.0,10,68.56,71.28
613,140,68.0,64.0,F,65.0,10,68.56,70.2
614,140,68.0,64.0,F,65.0,10,68.56,70.2
615,140,68.0,64.0,F,65.0,10,68.56,70.2
616,140,68.0,64.0,F,64.0,10,68.56,69.12
617,140,68.0,64.0,F,63.0,10,68.56,68.04
618,141,68.0,63.0,M,70.5,8,68.02000000000001,70.5
619,141,68.0,63.0,M,70.0,8,68.02000000000001,70.0
620,141,68.0,63.0,M,68.0,8,68.02000000000001,68.0
621,141,68.0,63.0,M,66.0,8,68.02000000000001,66.0
622,141,68.0,63.0,M,66.0,8,68.02000000000001,66.0
623,141,68.0,63.0,F,66.0,8,68.02000000000001,71.28
624,141,68.0,63.0,F,62.0,8,68.02000000000001,66.96000000000001
625,141,68.0,63.0,F,61.5,8,68.02000000000001,66.42
626,142,68.5,63.5,M,73.5,4,68.53999999999999,73.5
627,142,68.5,63.5,M,70.0,4,68.53999999999999,70.0
628,142,68.5,63.5,M,69.5,4,68.53999999999999,69.5
629,142,68.5,63.5,F,65.5,4,68.53999999999999,70.74000000000001
630,143,68.0,63.0,M,67.0,1,68.02000000000001,67.0
631,144,68.0,63.0,M,70.0,4,68.02000000000001,70.0
632,144,68.0,63.0,M,68.0,4,68.02000000000001,68.0
633,144,68.0,63.0,F,64.5,4,68.02000000000001,69.66000000000001
634,144,68.0,63.0,F,64.0,4,68.02000000000001,69.12
635,145,68.0,63.0,M,71.0,8,68.02000000000001,71.0
636,145,68.0,63.0,M,68.0,8,68.02000000000001,68.0
637,145,68.0,63.0,M,66.0,8,68.02000000000001,66.0
638,145,68.0,63.0,M,65.5,8,68.02000000000001,65.5
639,145,68.0,63.0,M,65.0,8,68.02000000000001,65.0
640,145,68.0,63.0,F,63.0,8,68.02000000000001,68.04
641,145,68.0,63.0,F,62.0,8,68.02000000000001,66.96000000000001
642,145,68.0,63.0,F,62.0,8,68.02000000000001,66.96000000000001
643,146,68.0,63.0,M,67.0,6,68.02000000000001,67.0
644,146,68.0,63.0,M,67.0,6,68.02000000000001,67.0
645,146,68.0,63.0,M,66.0,6,68.02000000000001,66.0
646,146,68.0,63.0,F,64.0,6,68.02000000000001,69.12
647,146,68.0,63.0,F,63.5,6,68.02000000000001,68.58
648,146,68.0,63.0,F,61.0,6,68.02000000000001,65.88000000000001
649,147,68.5,63.5,M,68.2,1,68.53999999999999,68.2
650,148,68.0,63.0,M,70.0,1,68.02000000000001,70.0
651,149,68.2,63.5,M,70.0,5,68.39,70.0
652,149,68.2,63.5,M,69.0,5,68.39,69.0
653,149,68.2,63.5,M,67.0,5,68.39,67.0
654,149,68.2,63.5,M,65.5,5,68.39,65.5
655,149,68.2,63.5,F,64.5,5,68.39,69.66000000000001
656,150,68.0,62.5,M,68.5,1,67.75,68.5
657,151,68.7,62.0,M,67.7,2,67.83000000000001,67.7
658,151,68.7,62.0,F,61.7,2,67.83000000000001,66.63600000000001
659,152,68.0,62.5,M,66.5,1,67.75,66.5
660,153,68.0,61.0,M,68.5,5,66.94,68.5
661,153,68.0,61.0,M,68.0,5,66.94,68.0
662,153,68.0,61.0,M,64.0,5,66.94,64.0
663,153,68.0,61.0,F,63.5,5,66.94,68.58
664,153,68.0,61.0,F,63.0,5,66.94,68.04
665,154,68.0,60.2,M,66.7,1,66.50800000000001,66.7
666,155,68.0,60.0,M,64.0,7,66.4,64.0
667,155,68.0,60.0,F,61.0,7,66.4,65.88000000000001
668,155,68.0,60.0,F,61.0,7,66.4,65.88000000000001
669,155,68.0,60.0,F,60.0,7,66.4,64.80000000000001
670,155,68.0,60.0,F,60.0,7,66.4,64.80000000000001
671,155,68.0,60.0,F,60.0,7,66.4,64.80000000000001
672,155,68.0,60.0,F,56.0,7,66.4,60.480000000000004
673,156,68.0,60.0,M,67.5,4,66.4,67.5
674,156,68.0,60.0,M,67.0,4,66.4,67.0
675,156,68.0,60.0,M,66.5,4,66.4,66.5
676,156,68.0,60.0,F,60.0,4,66.4,64.80000000000001
677,157,68.5,59.0,M,69.0,1,66.11,69.0
678,158,68.0,59.0,M,68.0,10,65.86,68.0
679,158,68.0,59.0,M,65.0,10,65.86,65.0
680,158,68.0,59.0,M,64.7,10,65.86,64.7
681,158,68.0,59.0,M,64.0,10,65.86,64.0
682,158,68.0,59.0,M,64.0,10,65.86,64.0
683,158,68.0,59.0,M,63.0,10,65.86,63.0
684,158,68.0,59.0,F,65.0,10,65.86,70.2
685,158,68.0,59.0,F,65.0,10,65.86,70.2
686,158,68.0,59.0,F,62.0,10,65.86,66.96000000000001
687,158,68.0,59.0,F,61.0,10,65.86,65.88000000000001
688,159,67.0,66.2,M,72.7,5,69.248,72.7
689,159,67.0,66.2,M,72.7,5,69.248,72.7
690,159,67.0,66.2,M,71.5,5,69.248,71.5
691,159,67.0,66.2,F,65.5,5,69.248,70.74000000000001
692,159,67.0,66.2,F,63.5,5,69.248,68.58
693,160,67.0,66.5,M,71.0,1,69.41,71.0
694,162,67.0,65.0,M,69.7,6,68.6,69.7
695,162,67.0,65.0,M,67.5,6,68.6,67.5
696,162,67.0,65.0,F,65.5,6,68.6,70.74000000000001
697,162,67.0,65.0,F,65.0,6,68.6,70.2
698,162,67.0,65.0,F,64.5,6,68.6,69.66000000000001
699,162,67.0,65.0,F,63.5,6,68.6,68.58
700,163,67.0,65.5,M,70.0,5,68.87,70.0
701,163,67.0,65.5,M,69.0,5,68.87,69.0
702,163,67.0,65.5,F,65.5,5,68.87,70.74000000000001
703,163,67.0,65.5,F,65.5,5,68.87,70.74000000000001
704,163,67.0,65.5,F,63.0,5,68.87,68.04
705,164,67.0,65.5,M,70.0,4,68.87,70.0
706,164,67.0,65.5,M,67.7,4,68.87,67.7
707,164,67.0,65.5,F,63.0,4,68.87,68.04
708,164,67.0,65.5,F,60.0,4,68.87,64.80000000000001
709,165,67.0,65.0,M,65.0,3,68.6,65.0
710,165,67.0,65.0,F,62.0,3,68.6,66.96000000000001
711,165,67.0,65.0,F,62.0,3,68.6,66.96000000000001
712,166,67.5,65.0,M,71.0,11,68.85,71.0
713,166,67.5,65.0,M,69.0,11,68.85,69.0
714,166,67.5,65.0,F,64.0,11,68.85,69.12
715,166,67.5,65.0,F,64.0,11,68.85,69.12
716,166,67.5,65.0,F,63.0,11,68.85,68.04
717,166,67.5,65.0,F,63.0,11,68.85,68.04
718,166,67.5,65.0,F,63.0,11,68.85,68.04
719,166,67.5,65.0,F,63.0,11,68.85,68.04
720,166,67.5,65.0,F,63.0,11,68.85,68.04
721,166,67.5,65.0,F,62.5,11,68.85,67.5
722,166,67.5,65.0,F,62.0,11,68.85,66.96000000000001
723,167,67.0,64.0,M,71.5,4,68.06,71.5
724,167,67.0,64.0,M,70.0,4,68.06,70.0
725,167,67.0,64.0,M,67.0,4,68.06,67.0
726,167,67.0,64.0,M,67.0,4,68.06,67.0
727,168,67.0,63.5,M,71.0,8,67.78999999999999,71.0
728,168,67.0,63.5,M,70.2,8,67.78999999999999,70.2
729,168,67.0,63.5,M,69.2,8,67.78999999999999,69.2
730,168,67.0,63.5,M,68.5,8,67.78999999999999,68.5
731,168,67.0,63.5,M,68.0,8,67.78999999999999,68.0
732,168,67.0,63.5,M,67.0,8,67.78999999999999,67.0
733,168,67.0,63.5,M,65.5,8,67.78999999999999,65.5
734,168,67.0,63.5,F,63.5,8,67.78999999999999,68.58
735,169,67.0,63.0,M,69.0,3,67.52000000000001,69.0
736,169,67.0,63.0,M,68.0,3,67.52000000000001,68.0
737,169,67.0,63.0,F,63.0,3,67.52000000000001,68.04
738,170,67.5,62.0,M,70.0,5,67.23,70.0
739,170,67.5,62.0,M,69.5,5,67.23,69.5
740,170,67.5,62.0,M,69.0,5,67.23,69.0
741,170,67.5,62.0,M,68.5,5,67.23,68.5
742,170,67.5,62.0,F,66.0,5,67.23,71.28
743,171,67.0,61.0,M,67.0,1,66.44,67.0
744,172,66.0,67.0,M,70.5,8,69.18,70.5
745,172,66.0,67.0,M,70.5,8,69.18,70.5
746,172,66.0,67.0,M,67.0,8,69.18,67.0
747,172,66.0,67.0,M,66.0,8,69.18,66.0
748,172,66.0,67.0,M,66.0,8,69.18,66.0
749,172,66.0,67.0,F,62.0,8,69.18,66.96000000000001
750,172,66.0,67.0,F,62.0,8,69.18,66.96000000000001
751,172,66.0,67.0,F,61.5,8,69.18,66.42
752,173,66.0,67.0,M,72.0,9,69.18,72.0
753,173,66.0,67.0,M,65.0,9,69.18,65.0
754,173,66.0,67.0,M,65.0,9,69.18,65.0
755,173,66.0,67.0,F,67.0,9,69.18,72.36
756,173,66.0,67.0,F,64.0,9,69.18,69.12
757,173,66.0,67.0,F,64.0,9,69.18,69.12
758,173,66.0,67.0,F,62.0,9,69.18,66.96000000000001
759,173,66.0,67.0,F,60.0,9,69.18,64.80000000000001
760,173,66.0,67.0,F,60.0,9,69.18,64.80000000000001
761,174,66.0,66.0,M,66.0,5,68.64,66.0
762,174,66.0,66.0,M,65.0,5,68.64,65.0
763,174,66.0,66.0,F,67.0,5,68.64,72.36
764,174,66.0,66.0,F,66.5,5,68.64,71.82000000000001
765,174,66.0,66.0,F,65.5,5,68.64,70.74000000000001
766,175,66.0,66.0,M,72.0,6,68.64,72.0
767,175,66.0,66.0,M,68.0,6,68.64,68.0
768,175,66.0,66.0,F,66.0,6,68.64,71.28
769,175,66.0,66.0,F,65.0,6,68.64,70.2
770,175,66.0,66.0,F,62.0,6,68.64,66.96000000000001
771,175,66.0,66.0,F,61.0,6,68.64,65.88000000000001
772,176,66.5,65.0,M,68.7,8,68.35,68.7
773,176,66.5,65.0,M,68.5,8,68.35,68.5
774,176,66.5,65.0,M,66.5,8,68.35,66.5
775,176,66.5,65.0,M,64.5,8,68.35,64.5
776,176,66.5,65.0,F,62.5,8,68.35,67.5
777,176,66.5,65.0,F,60.5,8,68.35,65.34
778,176,66.5,65.0,F,60.5,8,68.35,65.34
779,176,66.5,65.0,F,57.5,8,68.35,62.1
780,177,66.0,65.5,M,72.0,5,68.37,72.0
781,177,66.0,65.5,M,71.0,5,68.37,71.0
782,177,66.0,65.5,M,67.0,5,68.37,67.0
783,177,66.0,65.5,F,66.0,5,68.37,71.28
784,177,66.0,65.5,F,65.0,5,68.37,70.2
785,178,66.0,63.0,M,70.0,1,67.02000000000001,70.0
786,179,66.0,63.5,F,64.5,2,67.28999999999999,69.66000000000001
787,179,66.0,63.5,F,62.0,2,67.28999999999999,66.96000000000001
788,180,66.5,63.0,M,67.2,6,67.27000000000001,67.2
789,180,66.5,63.0,M,67.0,6,67.27000000000001,67.0
790,180,66.5,63.0,M,65.0,6,67.27000000000001,65.0
791,180,66.5,63.0,F,65.0,6,67.27000000000001,70.2
792,180,66.5,63.0,F,65.0,6,67.27000000000001,70.2
793,180,66.5,63.0,F,63.0,6,67.27000000000001,68.04
794,181,66.5,62.5,M,70.0,7,67.0,70.0
795,181,66.5,62.5,M,68.0,7,67.0,68.0
796,181,66.5,62.5,F,63.5,7,67.0,68.58
797,181,66.5,62.5,F,62.5,7,67.0,67.5
798,181,66.5,62.5,F,62.5,7,67.0,67.5
799,181,66.5,62.5,F,62.5,7,67.0,67.5
800,181,66.5,62.5,F,62.5,7,67.0,67.5
801,182,66.0,61.5,M,70.0,1,66.21000000000001,70.0
802,183,66.0,60.0,M,68.0,4,65.4,68.0
803,183,66.0,60.0,M,67.0,4,65.4,67.0
804,183,66.0,60.0,M,65.0,4,65.4,65.0
805,183,66.0,60.0,F,60.0,4,65.4,64.80000000000001
806,184,66.0,60.0,M,65.0,1,65.4,65.0
807,185,66.0,59.0,M,68.0,15,64.86,68.0
808,185,66.0,59.0,M,67.0,15,64.86,67.0
809,185,66.0,59.0,M,66.5,15,64.86,66.5
810,185,66.0,59.0,M,66.0,15,64.86,66.0
811,185,66.0,59.0,M,65.7,15,64.86,65.7
812,185,66.0,59.0,M,65.5,15,64.86,65.5
813,185,66.0,59.0,M,65.0,15,64.86,65.0
814,185,66.0,59.0,F,65.0,15,64.86,70.2
815,185,66.0,59.0,F,64.0,15,64.86,69.12
816,185,66.0,59.0,F,63.0,15,64.86,68.04
817,185,66.0,59.0,F,62.0,15,64.86,66.96000000000001
818,185,66.0,59.0,F,61.0,15,64.86,65.88000000000001
819,185,66.0,59.0,F,60.0,15,64.86,64.80000000000001
820,185,66.0,59.0,F,58.0,15,64.86,62.64
821,185,66.0,59.0,F,57.0,15,64.86,61.56
822,186,65.0,67.0,M,66.5,4,68.68,66.5
823,186,65.0,67.0,M,66.0,4,68.68,66.0
824,186,65.0,67.0,M,66.0,4,68.68,66.0
825,186,65.0,67.0,F,65.0,4,68.68,70.2
826,187,65.0,67.0,F,63.0,1,68.68,68.04
827,188,65.0,66.0,M,63.0,4,68.14,63.0
828,188,65.0,66.0,F,63.0,4,68.14,68.04
829,188,65.0,66.0,F,63.0,4,68.14,68.04
830,188,65.0,66.0,F,60.0,4,68.14,64.80000000000001
831,190,65.0,65.0,M,69.0,9,67.6,69.0
832,190,65.0,65.0,M,68.0,9,67.6,68.0
833,190,65.0,65.0,M,68.0,9,67.6,68.0
834,190,65.0,65.0,F,65.0,9,67.6,70.2
835,190,65.0,65.0,F,65.0,9,67.6,70.2
836,190,65.0,65.0,F,62.0,9,67.6,66.96000000000001
837,190,65.0,65.0,F,62.0,9,67.6,66.96000000000001
838,190,65.0,65.0,F,61.0,9,67.6,65.88000000000001
839,190,65.0,65.0,F,59.0,9,67.6,63.720000000000006
840,191,65.0,65.5,M,70.7,2,67.87,70.7
841,191,65.0,65.5,F,65.5,2,67.87,70.74000000000001
842,192,65.0,65.0,M,69.2,6,67.6,69.2
843,192,65.0,65.0,M,69.0,6,67.6,69.0
844,192,65.0,65.0,M,68.0,6,67.6,68.0
845,192,65.0,65.0,M,67.7,6,67.6,67.7
846,192,65.0,65.0,F,64.5,6,67.6,69.66000000000001
847,192,65.0,65.0,F,60.5,6,67.6,65.34
848,193,65.0,64.0,M,67.0,6,67.06,67.0
849,193,65.0,64.0,M,67.0,6,67.06,67.0
850,193,65.0,64.0,F,64.0,6,67.06,69.12
851,193,65.0,64.0,F,64.0,6,67.06,69.12
852,193,65.0,64.0,F,62.5,6,67.06,67.5
853,193,65.0,64.0,F,60.5,6,67.06,65.34
854,194,65.0,63.0,M,70.0,2,66.52000000000001,70.0
855,194,65.0,63.0,F,63.0,2,66.52000000000001,68.04
856,195,65.0,63.0,M,66.0,3,66.52000000000001,66.0
857,195,65.0,63.0,M,66.0,3,66.52000000000001,66.0
858,195,65.0,63.0,F,63.0,3,66.52000000000001,68.04
859,196,65.5,63.0,M,71.0,4,66.77000000000001,71.0
860,196,65.5,63.0,M,71.0,4,66.77000000000001,71.0
861,196,65.5,63.0,M,69.0,4,66.77000000000001,69.0
862,196,65.5,63.0,F,63.5,4,66.77000000000001,68.58
863,197,65.5,60.0,M,68.0,5,65.15,68.0
864,197,65.5,60.0,M,68.0,5,65.15,68.0
865,197,65.5,60.0,M,67.0,5,65.15,67.0
866,197,65.5,60.0,M,67.0,5,65.15,67.0
867,197,65.5,60.0,F,62.0,5,65.15,66.96000000000001
868,198,64.0,64.0,M,71.5,7,66.56,71.5
869,198,64.0,64.0,M,68.0,7,66.56,68.0
870,198,64.0,64.0,F,65.5,7,66.56,70.74000000000001
871,198,64.0,64.0,F,64.0,7,66.56,69.12
872,198,64.0,64.0,F,62.0,7,66.56,66.96000000000001
873,198,64.0,64.0,F,62.0,7,66.56,66.96000000000001
874,198,64.0,64.0,F,61.0,7,66.56,65.88000000000001
875,199,64.0,64.0,M,70.5,7,66.56,70.5
876,199,64.0,64.0,M,68.0,7,66.56,68.0
877,199,64.0,64.0,F,67.0,7,66.56,72.36
878,199,64.0,64.0,F,65.0,7,66.56,70.2
879,199,64.0,64.0,F,64.0,7,66.56,69.12
880,199,64.0,64.0,F,64.0,7,66.56,69.12
881,199,64.0,64.0,F,60.0,7,66.56,64.80000000000001
882,200,64.0,63.0,M,64.5,1,66.02000000000001,64.5
883,201,64.0,60.0,M,66.0,2,64.4,66.0
884,201,64.0,60.0,F,60.0,2,64.4,64.80000000000001
885,203,62.0,66.0,M,64.0,3,66.64,64.0
886,203,62.0,66.0,F,62.0,3,66.64,66.96000000000001
887,203,62.0,66.0,F,61.0,3,66.64,65.88000000000001
888,204,62.5,63.0,M,66.5,2,65.27000000000001,66.5
889,204,62.5,63.0,F,57.0,2,65.27000000000001,61.56
890,136A,68.5,65.0,M,72.0,8,69.35,72.0
891,136A,68.5,65.0,M,70.5,8,69.35,70.5
892,136A,68.5,65.0,M,68.7,8,69.35,68.7
893,136A,68.5,65.0,M,68.5,8,69.35,68.5
894,136A,68.5,65.0,M,67.7,8,69.35,67.7
895,136A,68.5,65.0,F,64.0,8,69.35,69.12
896,136A,68.5,65.0,F,63.5,8,69.35,68.58
897,136A,68.5,65.0,F,63.0,8,69.35,68.04
